Year,Avg_ForestCoverFraction
2015,28.731544
2016,24.017897
2017,26.590605
2018,26.87472
2019,28.64877
2020,29.138702
2021,27.505592
2022,28.024609
2023,29.64877
